TVs,Price
"Televizor Samsung Ue65Tu7002Kxxh | 65"" Led Uhd 4K Smart Tv Tizen",€ 839.00
"Televizor Samsung Ue50Tu7172Uxxh | 50"" Led Uhd 4K Smart Tv Tizen",€ 549.00
"Televizor Samsung Ue65Tu7172Uxxh | 65"" Led Uhd 4K Smart Tv Tizen",€ 929.00
"Televizor Samsung Ue65Tu8002Kxxh | 65"" Led Uhd 4K Smart Tv Tizen",€ 939.00
"Televizor Samsung Ue75Tu8002Kxxh | 75"" Led Uhd 4K Smart Tv Tizen","€ 1,299.00"
"Televizor Philips 65Pus7304/12 | 65"" Led Uhd 4K Smart Tv Anrdoid Ambilight","€ 1,299.00"
"Televizor Philips 43Pus6554/12 | 43"" Led Uhd 4K Smart Tv Saphi",€ 449.90
"Televizor Philips 58Pus7555/12 | 58"" Led Uhd 4K Smart Tv Saphi",€ 649.90
"Televizor Philips 43Pfs6855/12 | 43"" Led Full Hd Smart Tv Saphi",€ 379.90
"Televizor Philips 43Pus6503/12 | 43"" Led Uhd 4K Smart Tv Saphi",€ 399.90
"Televizor Philips 65Pus6412/12 | 65"" Led Uhd 4K Smart Tv Android Ambilight","€ 1,499.00"
"Televizor Toshiba 65Ua2063Dg | 65"" Led Uhd 4K Smart Tv Android",€ 599.00
"Televizor Toshiba 43T6863Dg | 43"" Led Uhd 4K Smart Tv Linux",€ 379.90
"Televizor Toshiba 49V6863Dg | 49"" Led Uhd 4K Smart Tv Linux",€ 499.90
"Televizor Hisense H43A6140 | 43"" Led Uhd 4K Smart Tv Vidaa",€ 379.90
"Televizor Hisense H55N6600 | 55"" Led Uhd 4K Smart Tv Vidaa Curved",€ 729.90
"Televizor Hisense H55B7100 | 55"" Led Uhd 4K Smart Tv Vidaa",€ 499.90
"Televizor Hugo 02-43Smart | 43"" Led Full Hd Smart Tv Android",€ 299.90
"Televizor Philips 50Pus7555/12 | 50"" Led Uhd 4K Smart Tv Saphi",€ 499.90
"Televizor Philips 65Pus7855/12 | 65"" Led Uhd 4K Smart Tv Saphi Ambilight",€ 699.00
"Televizor Vivax Tv-32Le78T2G | 32"" Led Hd",€ 169.90
"Televizor Vivax Tv-49S60T2S2Sm | 49"" Led Full Hd Smart Tv Android",€ 379.90
"Televizor Vivax Tv-43S60T2S2Sm | 43"" Led Full Hd Smart Tv Android",€ 299.90
"Televizor Vivax Tv-40S60T2S2Sm | 40"" Led Full Hd Smart Tv Android",€ 299.90
"Televizor Vivax Tv-40Le78T2S2M | 40"" Led Full Hd Smart Tv Android",€ 299.90
"Televizor Vivax Tv-65Uhd120T2S2 | 65"" Led Uhd 4K",€ 729.90
"Televizor Vivax Tv-55Uhd121T2S2Sm_Eu | 55"" Led Uhd 4K Smart Tv Android",€ 549.90
"Televizor Vivax Tv-32Le79T2 | 32"" Led Hd",€ 149.90
"Televizor Philips 65Pus8535/12 | 65"" Led Uhd 4K Smart Tv Anrdoid Ambilight",€ 899.00
"Televizor Philips 43Pus7855/12 | 43"" Led Uhd 4K Smart Tv Saphi Ambilight",€ 429.90
"Televizor Philips 58Pus8505/12 | 58"" Led Uhd 4K Smart Tv Android Ambilight",€ 649.00
"Televizor Samsung Ue55Tu7022Kxxh | 55"" Led Uhd 4K Smart Tv Tizen",€ 449.00
"Televizor Samsung Ue55Tu8072Uxxh | 55"" Led Uhd 4K Smart Tv Tizen",€ 599.00
"Televizor Philips 50Pus8505/12 | 50"" Led Uhd 4K Smart Tv Android Ambilight",€ 549.00
"Televizor Samsung Ue75Tu8072Uxxh | 75"" Led Uhd 4K Smart Tv Tizen","€ 1,299.00"
"Televizor Samsung Ue43Tu7072Uxxh | 43"" Led Uhd 4K Smart Tv Tizen",€ 419.00
"Televizor Samsung Ue75Tu7172Uxxh | 75"" Led Uhd 4K Smart Tv Tizen","€ 1,199.00"
"Televizor Samsung Ue75Tu7022Kxxh | 75"" Led Uhd 4K Smart Tv Tizen","€ 1,099.00"
"Televizor Philips 58Pus7505/12 | 58"" Led Uhd 4K Smart Tv Saphi",€ 649.90
"Televizor Samsung Ue65Tu8072Uxxh | 65"" Led Uhd 4K Smart Tv Tizen",€ 799.00
"Televizor Samsung Ue43Tu7022Kxxh | 43"" Led Uhd 4K Smart Tv Tizen",€ 349.00
"Televizor Philips 43Pus7505/12 | 43"" Led Uhd 4K Smart Tv Saphi",€ 449.00
"Televizor Philips 43Pus7555/12 | 43"" Led Uhd 4K Smart Tv Saphi",€ 449.00
"Televizor Toshiba 65Ul4B63Dg | 65"" Led Uhd 4K Smart Tv Linux",€ 799.00
"Televizor Toshiba 55Ul6B63Dg | 55"" Led Uhd 4K Smart Tv Linux",€ 599.00
"Televizor Philips 43Pus8505/12 | 43"" Led Uhd 4K Smart Tv Android Ambilight",€ 599.00
"Televizor Samsung Ue43Ru7172Uxxh | 43"" Led Uhd 4K Smart Tv Tizen",€ 439.00
"Televizor Samsung Ue75Tu7002Kxxh | 75"" Led Uhd 4K Smart Tv Tizen","€ 1,299.00"
"Televizor Samsung Ue55Tu7172Uxxh | 55"" Led Uhd 4K Smart Tv Tizen",€ 549.00
"Televizor Samsung Ue70Tu7172Uxxh | 70"" Led Uhd 4K Smart Tv Tizen","€ 1,069.00"
"Televizor Philips 43Pfs5823/12 | 43"" Led Full Hd Smart Tv Saphi",€ 379.90
"Televizor Philips 43Pus6754/12 | 43"" Led Uhd 4K Smart Tv Saphi Ambilight",€ 499.90
"Televizor Toshiba 43Ua2063Dg | 43"" Led Uhd 4K Smart Tv Android",€ 399.90
"Televizor Toshiba 58Ua2063Dg | 58"" Led Uhd 4K Smart Tv Android",€ 349.00
"Televizor Toshiba 55V6863Dg | 55"" Led Uhd 4K Smart Tv Linux",€ 599.90
"Televizor Toshiba 43L3863Dg | 43"" Led Full Hd Smart Tv Linux",€ 349.90
"Televizor Hisense H58A6100 | 58"" Led Uhd 4K Smart Tv Vidaa",€ 599.90
"Televizor Hisense H40B5100 | 40"" Led Full Hd",€ 279.90
"Televizor Hisense H43B7500 | 43"" Led Uhd 4K Smart Tv Vidaa",€ 429.90
"Televizor Philips 58Pus7855/12 | 58"" Led Uhd 4K Smart Tv Saphi Ambilight",€ 699.90
"Televizor Hugo 02-49Smart | 49"" Led Full Hd Smart Tv Android",€ 349.90
"Televizor Lg 55Um7100Plb | 55"" Led Uhd 4K Smart Tv Webos",€ 679.90
"Televizor Lg 55Uk6200Pla | 55"" Led Uhd 4K Smart Tv Webos",€ 599.90
"Televizor Vivax Tv-49Le78T2S2Sm | 49"" Led Full Hd Smart Tv Android",€ 399.90
"Televizor Vivax Tv-55Uhd120T2S2 Eu | 55"" Led Uhd 4K",€ 469.00
"Televizor Toshiba 49U2963Dg | 49"" Led Uhd 4K Smart Tv Linux",€ 399.90
"Televizor Samsung Ue43Tu7002Kxxh | 43"" Led Uhd 4K Smart Tv Tizen",€ 429.00
"Televizor Hugo 02-49Smart Uhd | 49"" Led Uhd 4K Smart Tv Android",€ 269.00
"Televizor Samsung Qe65Q80Tatxxh | 65"" Qled Uhd 4K Smart Tv Tizen","€ 1,999.00"
"Televizor Philips 50Pus7855/12 | 50"" Led Uhd 4K Smart Tv Saphi Ambilight",€ 599.90
"Televizor Toshiba 49Ua2063Dg | 49"" Led Uhd 4K Smart Tv Android",€ 399.90
"Televizor Toshiba 43La2B63Dg | 43"" Led Full Hd Smart Tv Android",€ 329.00
"Televizor Philips 75Pus7354/12 | 75"" Led Uhd 4K Smart Tv Anrdoid Ambilight",€ 999.00
"Televizor Samsung Ue43Tu7172Uxxh | 43"" Led Uhd 4K Smart Tv Tizen",€ 439.90
"Televizor Samsung Ue65Tu7022Kxxh | 65"" Led Uhd 4K Smart Tv Tizen",€ 729.00
"Televizor Samsung Ue50Tu7022Kxxh | 50"" Led Uhd 4K Smart Tv Tizen",€ 399.00
"Televizor Toshiba 55Ua2063Dg | 55"" Led Uhd 4K Smart Tv Android",€ 599.90
Televizor Sunny 07/19 | 32'' Led Hd,€ 129.00
"Televizor Philips 50Pus7505/12 | 50"" Led Uhd 4K Smart Tv Saphi",€ 499.90
"Televizor Philips 32Ph6605/12 | 32"" Led Hd Smart Tv Saphi",€ 249.00
"Televizor Samsung Qe55Q65Tauxxh | 55"" Qled Uhd 4K Smart Tv Tizen",€ 899.00
"Televizor Samsung Qe65Q800Tatxxh | 65"" Qled 8K Smart Tv Tizen","€ 3,999.00"
"Televizor Samsung Qe65Q65Tauxxh | 65"" Qled Uhd 4K Smart Tv Tizen","€ 1,099.00"
"Televizor Philips 65Oled934/12 | 65"" Oled+ Uhd 4K Smart Tv Android Ambilight","€ 4,999.00"
"Televizor Samsung Qe65Q75Tatxxh | 65"" Qled Uhd 4K Smart Tv Tizen","€ 1,599.00"
"Televizor Samsung Qe65Q70Tatxxh | 65"" Qled Uhd 4K Smart Tv Tizen","€ 1,599.00"
