"TVs","Price"
"Lobod LU55DN5109 SMART","389€"
"Lobod LF50DN5109 SMART","309€"
"Lobod LF43DN5109 SMART","249€"
"Lobod LF32DN51119 SMART","149€"
"Lobod LE32A719 T2/S2","149€"
"Lobod LX-24DN5 T2/S2","109€"
"Lobod LF-50DN5319 SMART T2/S2","389€"
"Lobod LF-32DN5319 T2/S2","149€"
"Lobod LX-55DN5T2S2","469€"
"Samsung HW-N300/EN","169€"
"Samsung QE49Q60RATXXH","879€"
"Samsung QE49Q65RATXXH","879€"
"Samsung QE55Q60RATXXH","999€"
"Samsung QE55Q65RATXXH","999€"
"Samsung QE55Q70RATXXH","1,339€"
"Samsung QE55Q80RATXXH","1,649€"
"Samsung QE55Q90RATXXH","2,099€"
"Samsung QE65Q65RATXXH","1,499€"
"Samsung QE65Q70RATXXH","1,879€"
"Samsung QE65Q950RBTXXH","4,199€"
"Samsung QE75Q60RATXXH","2,299€"
"Samsung QE75Q70RATXXH","3,099€"
"Samsung SWA-8500S/EN","110€"
"Samsung UE43RU7172UXXH","439€"
"Samsung UE50RU7172UXXH","489€"
"Samsung UE50RU7452UXXH","619€"
"Samsung UE55RU7172UXXH","569€"
"Samsung UE55RU7372UXXH","639€"
"Samsung UE55RU7452UXXH","709€"
"Samsung UE55RU8002UXXH","869€"
"Samsung UE65RU7172UXXH","839€"
"Samsung UE65RU7372UXXH","959€"
"Samsung UE65RU8002UXXH","1,249€"
"Samsung UE75RU7172UXXH","1,359€"
